153.35,306.7
151.8,303.6
150.58,301.16
149.99,299.98
151.5,303
150.48,300.96
149.2,298.4
148.82,297.64
147.97,295.94
145.5,291
145.87,291.74
144.73,289.46
144.11,288.22
142.9,285.8
143.02,286.04
143.69,287.38
144.88,289.76
144.45,288.9
144.71,289.42
144.49,288.98
145.01,290.02
147.17,294.34
145.13,290.26
145.77,291.54
145.52,291.04
146.87,293.74
143.66,287.32
143.78,287.56
143.32,286.64
147.5,295
147.16,294.32
145.74,291.48
155.19,310.38
155.25,310.5
155.02,310.04
153.9,307.8
154.34,308.68
153.58,307.16
153.17,306.34
153.97,307.94
153.42,306.84
154,308
153.73,307.46
153.84,307.68
154.9,309.8
154,308
153.38,306.76
151.27,302.54
153.6,307.2
155.94,311.88
156.01,312.02
154.7,309.4
152.45,304.9
153.63,307.26
153.87,307.74
149.03,298.06
146.76,293.52
146.52,293.04
145.59,291.18
147.54,295.08
145.1,290.2
144.09,288.18
143.92,287.84
144.47,288.94
143.91,287.82
143.5,287
142.44,284.88
141.22,282.44
141.88,283.76
141.41,282.82
141.48,282.96
141.91,283.82
141.6,283.2
142.94,285.88
143.6,287.2
143.73,287.46
144.29,288.58
144.22,288.44
143.25,286.5
143.71,287.42
143.72,287.44
144.19,288.38
143.68,287.36
140.91,281.82
139.39,278.78
141.5,283
141.26,282.52
139.85,279.7
142.11,284.22
140.4,280.8
141,282
140.72,281.44
139.41,278.82
139.3,278.6
138.85,277.7
139.25,278.5
138.74,277.48
138.95,277.9
139.06,278.12
139.37,278.74
138.78,277.56
140,280
137.89,275.78
137.08,274.16
137.14,274.28
135.91,271.82
137.38,274.76
136.43,272.86
136.23,272.46
135.1,270.2
135.67,271.34
135.52,271.04
133.47,266.94
133.08,266.16
132.46,264.92
131.65,263.3
131.35,262.7
130.54,261.08
129.13,258.26
128.31,256.62
127.98,255.96
127.03,254.06
121.15,242.3
120.93,241.86
122.14,244.28
121.67,243.34
120.42,240.84
119.55,239.1
120,240
120.45,240.9
119.4,238.8
120,240
118.34,236.68
119.11,238.22
118.895,237.79
118.74,237.48
118.77,237.54
117.95,235.9
116.78,233.56
115.92,231.84
115.85,231.7
115.8,231.6
116.65,233.3
116.45,232.9
117.52,235.04
116.52,233.04
115.59,231.18
116.35,232.7
116.8,233.6
116.74,233.48
115.8,231.6
116.47,232.94
115.38,230.76
115.04,230.08
113.84,227.68
113.29,226.58
112.31,224.62
110.86,221.72
109.26,218.52
109.5,219
110,220
109.17,218.34
110.365,220.73
111.56,223.12
110.78,221.56
111.43,222.86
111.13,222.26
111.36,222.72
111.95,223.9
110.12,220.24
109.72,219.44
109.81,219.62
106.7,213.4
106.57,213.14
107.32,214.64
106.92,213.84
111.09,222.18
109.88,219.76
110.31,220.62
110.08,220.16
108.53,217.06
110.98,221.96
111.4,222.8
113.46,226.92
113.65,227.3
113.87,227.74
115.39,230.78
114.31,228.62
117.95,235.9
117.1,234.2
116.81,233.62
116.86,233.72
117.25,234.5
118.18,236.36
117.33,234.66
117.88,235.76
116.79,233.58
117.35,234.7
117.7,235.4
115.02,230.04
114.31,228.62
113.7,227.4
113.4,226.8
113.06,226.12
112.71,225.42
112.46,224.92
113.16,226.32
113.69,227.38
113,226
111.64,223.28
114.42,228.84
114.35,228.7
113.85,227.7
113.05,226.1
115.19,230.38
115.12,230.24
113.86,227.72
108.73,217.46
107.51,215.02
102.65,205.3
104.64,209.28
107.25,214.5
107.83,215.66
107.9,215.8
107.7,215.4
106.14,212.28
105.66,211.32
105.8,211.6
106.62,213.24
107.41,214.82
107.39,214.78
108.565,217.13
108.59,217.18
108.86,217.72
108.77,217.54
109.23,218.46
109.1,218.2
109.63,219.26
108.14,216.28
107.78,215.56
108.52,217.04
108.71,217.42
108.23,216.46
107.52,215.04
106.27,212.54
105.58,211.16
104.81,209.62
106.05,212.1
104.41,208.82
104.19,208.38
102.83,205.66
104.265,208.53
96.82,193.64
98.25,196.5
99.26,198.52
99.83,199.66
100,200
99.56,199.12
98.7,197.4
98.92,197.84
97.39,194.78
97.41,194.82
97.17,194.34
96.75,193.5
96.49,192.98
95.7,191.4
94.6,189.2
95.39,190.78
95.49,190.98
94.44,188.88
93.97,187.94
92.9,185.8
93,186
92.91,185.82
95.94,191.88
96.25,192.5
94.94,189.88
96,192
96.62,193.24
96.45,192.9
97.82,195.64
97.32,194.64
98.69,197.38
98.53,197.06
98.5,197
99.02,198.04
99.25,198.5
97.99,195.98
97.79,195.58
97.6,195.2
99.02,198.04
99.6,199.2
99.44,198.88
99.68,199.36
98.67,197.34
97.22,194.44
95.87,191.74
94.64,189.28
94.64,189.28
94.16,188.32
94.55,189.1
92.39,184.78
90,180
92.72,185.44
93.48,186.96
93.33,186.66
93,186
93.37,186.74
94,188
95.2,190.4
94.2,188.4
93.965,187.93
93.99,187.98
97.61,195.22
96,192
103.91,207.82
105,210
105.01,210.02
106.93,213.86
106.64,213.28
107.88,215.76
108.89,217.78
112.11,224.22
111.62,223.24
110.8,221.6
109.34,218.68
108.97,217.94
108.91,217.82
109.95,219.9
110.23,220.46
109.51,219.02
110.42,220.84
108.78,217.56
109.72,219.44
108.65,217.3
104.89,209.78
106,212
105.47,210.94
106.48,212.96
105.25,210.5
105.93,211.86
106.34,212.68
105.52,211.04
104.61,209.22
103.96,207.92
101.91,203.82
102.24,204.48
101.41,202.82
101.31,202.62
100.78,201.56
102.39,204.78
102.37,204.74
100.58,201.16
100.51,201.02
97.65,195.3
96.86,193.72
97.2,194.4
96.05,192.1
93.98,187.96
96.4,192.8
96.31,192.62
96,192
98.84,197.68
96.67,193.34
95.02,190.04
94.19,188.38
93.79,187.58
95.92,191.84
94.29,188.58
93.13,186.26
96.52,193.04
95.86,191.72
95,190
95.42,190.84
96.47,192.94
94.79,189.58
93.79,187.58
96.04,192.08
99.93,199.86
101.52,203.04
98.63,197.26
97.06,194.12
95.1,190.2
98.41,196.82
96.2,192.4
97.96,195.92
100.32,200.64
100.55,201.1
98.97,197.94
98.55,197.1
98.68,197.36
100.56,201.12
105.75,211.5
102.61,205.22
107.01,214.02
108.58,217.16
106.96,213.92
107.59,215.18
109,218
107.27,214.54
107.4,214.8
107.28,214.56
108.91,217.82
112.02,224.04
111.07,222.14
111.94,223.88
112.18,224.36
115.19,230.38
116.04,232.08
117.64,235.28
117.52,235.04
118.98,237.96
115.29,230.58
116.55,233.1
117.05,234.1
118.75,237.5
117.99,235.98
118.29,236.58
119.21,238.42
117.33,234.66
119.27,238.54
119.2,238.4
117.64,235.28
115.76,231.52
114.92,229.84
111.38,222.76
115.2,230.4
116.26,232.52
116.37,232.74
116.9,233.8
120.96,241.92
121.11,242.22
121.85,243.7
123.13,246.26
120.79,241.58
119.87,239.74
120.99,241.98
118.7,237.4
116.93,233.86
115.4,230.8
118.08,236.16
116.7,233.4
114.33,228.66
114,228
111.34,222.68
110.8,221.6
111.78,223.56
110.93,221.86
111.29,222.58
110.82,221.64
112.73,225.46
110,220
110.19,220.38
111.74,223.48
110.63,221.26
109.88,219.76
108.01,216.02
109.07,218.14
110.17,220.34
112.83,225.66
113.85,227.7
116.44,232.88
113.25,226.5
113.63,227.26
113.38,226.76
113.67,227.34
112.21,224.42
115.66,231.32
116.25,232.5
115.93,231.86
116.58,233.16
111.79,223.58
110.27,220.54
113.76,227.52
111.65,223.3
108.97,217.94
112.49,224.98
110,220
110.18,220.36
112.13,224.26
112.17,224.34
112.25,224.5
107.085,214.17
111.11,222.22
94.87,189.74
110.43,220.86
114.08,228.16
116.1,232.2
116.43,232.86
116.04,232.08
114.32,228.64
116.04,232.08
112.53,225.06
117.81,235.62
116.53,233.06
114.58,229.16
115.97,231.94
112.95,225.9
117.42,234.84
121.5,243
122.6,245.2
122.32,244.64
123.15,246.3
123.38,246.76
123.09,246.18
125.32,250.64
126.2,252.4
121.99,243.98
132.85,265.7
130.97,261.94
129.08,258.16
127.74,255.48
125.72,251.44
126.04,252.08
125.03,250.06
121.94,243.88
123.85,247.7
124.48,248.96
125.89,251.78
124.94,249.88
126.43,252.86
126.9,253.8
125.57,251.14
125.46,250.92
127.67,255.34
128.86,257.72
127.21,254.42
127.48,254.96
127.49,254.98
127.71,255.42
127.23,254.46
127.72,255.44
127.03,254.06
126.1,252.2
128.185,256.37
129.18,258.36
127.92,255.84
126.7,253.4
128.9,257.8
129.5,259
129.58,259.16
130.66,261.32
129.86,259.72
131.2,262.4
131.23,262.46
131.86,263.72
130.34,260.68
132.6,265.2
131.6,263.2
130.07,260.14
130,260
130.69,261.38
128.38,256.76
129.07,258.14
127.41,254.82
126.15,252.3
125.6,251.2
127.39,254.78
126.68,253.36
124.77,249.54
126.56,253.12
128.15,256.3
129.5,259
126.1,252.2
127.5,255
130.16,260.32
134.455,268.91
132.31,264.62
130.49,260.98
128.3,256.6
126.99,253.98
128.1,256.2
125.57,251.14
125.55,251.1
126.28,252.56
126.41,252.82
127,254
128.37,256.74
125.95,251.9
125.85,251.7
125.85,251.7
127.64,255.28
124.47,248.94
125.03,250.06
124.82,249.64
126.09,252.18
124.05,248.1
124.57,249.14
122.76,245.52
126.54,253.08
127.23,254.46
127.12,254.24
128.25,256.5
128.75,257.5
127,254
125.9,251.8
123.88,247.76
124.4,248.8
122.31,244.62
124.75,249.5
126.41,252.82
127.96,255.92
128.4,256.8
128.58,257.16
129.1,258.2
128.96,257.92
129.25,258.5
130,260
128.785,257.57
131.56,263.12
132.94,265.88
130.02,260.04
128.62,257.24
128.48,256.96
127.625,255.25
127.49,254.98
127.28,254.56
126.06,252.12
122.77,245.54
120.17,240.34
118.55,237.1
120.02,240.04
120.02,240.04
118.5,237
118.5,237
118.05,236.1
118.4,236.8
116.32,232.64
117.625,235.25
112.42,224.84
113.74,227.48
112.3,224.6
110.26,220.52
108.95,217.9
107.84,215.68
107.03,214.06
110,220
109.04,218.08
111.43,222.86
112.6,225.2
112.67,225.34
109.23,218.46
107.2,214.4
106.54,213.08
108.29,216.58
111.39,222.78
112.82,225.64
113.64,227.28
113.79,227.58
112.1,224.2
112.58,225.16
113.23,226.46
112.16,224.32
112.26,224.52
111.87,223.74
107.12,214.24
106.37,212.74
110.7,221.4
110.46,220.92
112.26,224.52
114.41,228.82
110.19,220.38
114.1,228.2
115.99,231.98
115.77,231.54
115.75,231.5
113.5,227
118.81,237.62
119.27,238.54
117.94,235.88
119.07,238.14
116.85,233.7
117.51,235.02
114.91,229.82
115.44,230.88
113.94,227.88
114.27,228.54
113.15,226.3
111.8,223.6
109.38,218.76
108.7,217.4
109.02,218.04
108.75,217.5
108.6,217.2
109.1,218.2
109.36,218.72
108.22,216.44
108.01,216.02
106.959,213.918
106.65,213.3
105.4,210.8
104.85,209.7
105.18,210.36
104.08,208.16
102.84,205.68
103.02,206.04
98.315,196.63
97.5,195
95.55,191.1
97.97,195.94
100.39,200.78
101.33,202.66
100.69,201.38
101.54,203.08
98.76,197.52
99.43,198.86
99.95,199.9
99.44,198.88
99.27,198.54
100.59,201.18
100.81,201.62
98.65,197.3
98.53,197.06
100.51,201.02
102.16,204.32
100.6,201.2
101.8,203.6
102.29,204.58
101.93,203.86
101.27,202.54
99.8,199.6
102.81,205.62
101.21,202.42
100.41,200.82
98.01,196.02
99.08,198.16
99.3,198.6
98.8,197.6
98.85,197.7
103.1,206.2
103.06,206.12
102.86,205.72
101.59,203.18
101.02,202.04
101.42,202.84
101.79,203.58
100.29,200.58
100.57,201.14
100.44,200.88
99.41,198.82
98.49,196.98
97.9,195.8
97.33,194.66
96.15,192.3
96.04,192.08
95.27,190.54
94.26,188.52
94.93,189.86
94.75,189.5
95.36,190.72
96.37,192.74
94.9,189.8
97.16,194.32
98.44,196.88
99.33,198.66
97.82,195.64
96.85,193.7
97.035,194.07
95.42,190.84
94.68,189.36
94.99,189.98
93.62,187.24
95.03,190.06
96.97,193.94
96.8,193.6
95.86,191.72
95.36,190.72
93.76,187.52
95.44,190.88
96.27,192.54
94.14,188.28
93.67,187.34
93.865,187.73
93.52,187.04
92.1,184.2
90.82,181.64
90.37,180.74
90.21,180.42
90.75,181.5
91.32,182.64
91.85,183.7
92.29,184.58
92.27,184.54
92.31,184.62
91.51,183.02
92.2,184.4
94.04,188.08
94.13,188.26
94.73,189.46
92.7,185.4
649.9,1299.8
646.2,1292.4
637.44,1274.88
628.46,1256.92
633.96,1267.92
637.98,1275.96
627.85,1255.7
626.02,1252.04
615.88,1231.76
607.25,1214.5
606.6,1213.2
603.83,1207.66
604.51,1209.02
597.85,1195.7
588.63,1177.26
594.7,1189.4
592.43,1184.86
592,1184
587.49,1174.98
584.54,1169.08
588.25,1176.5
595.25,1190.5
601.8,1203.6
590.14,1180.28
592.34,1184.68
592,1184
592.64,1185.28
593.74,1187.48
572.8,1145.6
564.53,1129.06
568.21,1136.42
529.06,1058.12
528.31,1056.62
525.34,1050.68
520,1040
518.05,1036.1
520.27,1040.54
521.9,1043.8
519,1038
530.68,1061.36
522.64,1045.28
525.19,1050.38
528.02,1056.04
539.81,1079.62
541.39,1082.78
542.38,1084.76
537.76,1075.52
539.23,1078.46
538.32,1076.64
540.015,1080.03
546.52,1093.04
541.5,1083
538.42,1076.84
531.93,1063.86
529.89,1059.78
532.26,1064.52
525.9,1051.8
527.7,1055.4
528.79,1057.58
537.44,1074.88
534.51,1069.02
535.45,1070.9
528.36,1056.72
531.09,1062.18
532.79,1065.58
530.92,1061.84
531,1062
523.42,1046.84
529.08,1058.16
517.14,1034.28
523.61,1047.22
529.38,1058.76
523.15,1046.3
532.7927,1065.5854
532.99,1065.98
544.75,1089.5
546,1092
542.47,1084.94
534.66,1069.32
536.95,1073.9
530.61,1061.22
518.66,1037.32
521.38,1042.76
510.06,1020.12
506.56,1013.12
505.85,1011.7
502.61,1005.22
495.18,990.36
502.54,1005.08
503.95,1007.9
508.76,1017.52
550.07,1100.14
554,1108
549.94,1099.88
550.9147,1101.8294
540.99,1081.98
551.48,1102.96
554.9,1109.8
553.52,1107.04
538.22,1076.44
529.91,1059.82
539.83,1079.66
546.8,1093.6
538.81,1077.62
544.32,1088.64
537.45,1074.9
552.86,1105.72
555.68,1111.36
554.17,1108.34
557.46,1114.92
563.82,1127.64
568.1,1136.2
569.89,1139.78
568,1136
545.43,1090.86
549.5,1099
549.7,1099.4
555.81,1111.62
555.02,1110.04
562.85,1125.7
562.1415,1124.283
567,1134
563.58,1127.16
560.9001,1121.8002
565.79,1131.58
572.65,1145.3
565.5,1131
558.3,1116.6
558,1116
549.48,1098.96
536.3098,1072.6196
524.12,1048.24
521.02,1042.04
519.52,1039.04
517.6,1035.2
519.23,1038.46
519.03,1038.06
524.99,1049.98
526.58,1053.16
522.81,1045.62
518,1036
517.67,1035.34
519.99,1039.98
514.58,1029.16
519.58,1039.16
524.15,1048.3
524.58,1049.16
521.1,1042.2
524.02,1048.04
525,1050
519.61,1039.22
536.27,1072.54
529.04,1058.08
531.315,1062.63
525,1050
519,1038
526.405,1052.81
511.77,1023.54
505.99,1011.98
499.98,999.96
500.79,1001.58
497.505,995.01
489.83,979.66
486.99,973.98
491.32,982.64
484.64,969.28
489.94,979.88
486.56,973.12
483.86,967.72
490.51,981.02
485.63,971.26
478.45,956.9
477.25,954.5
483.78,967.56
486,972
489.2,978.4
494.88,989.76
496.1,992.2
478,956
470.7,941.4
463.18,926.36
447.96,895.92
461,922
469.3402,938.6804
468.5,937
467.0101,934.0202
506.2,1012.4
505,1010
498.44,996.88
500.25,1000.5
499.56,999.12
493.1,986.2
492,984
491.65,983.3
486,972
498,996
500.75,1001.5
503.27,1006.54
504.98,1009.96
503.59,1007.18
509.71,1019.42
504.34,1008.68
500.15,1000.3
496.42,992.84
497.88,995.76
470.94,941.88
456.86,913.72
458.64,917.28
463.855,927.71
463.8,927.6
468.02,936.04
464.69,929.38
458.01,916.02
455.7527,911.5054
454.99,909.98
449.96,899.92
440.8,881.6
435.3,870.6
440.7,881.4
438.93,877.86
426,852
429.46,858.92
433.1,866.2
433.38,866.76
429.7,859.4
426.52,853.04
425.01,850.02
427.65,855.3
422.95,845.9
419.6,839.2
413.6,827.2
420.11,840.22
420.39,840.78
420.86,841.72
409.96,819.92
402.69,805.38
391.36,782.72
399.25,798.5
403.9,807.8
405.7,811.4
407.4,814.8
418.49,836.98
419.3,838.6
431.4,862.8
431.56,863.12
431.44,862.88
435.4,870.8
432.5,865
439.5,879
435.74,871.48
444.73,889.46
436.5,873
445.47,890.94
445.65,891.3
453.22,906.44
450.73,901.46
452.5,905
445.65,891.3
440,880
449.9,899.8
440.85,881.7
435.95,871.9
444.05,888.1
438.15,876.3
431.91,863.82
439.05,878.1
423.24,846.48
439.16,878.32
453.85,907.7
451.51,903.02
457.97,915.94
459.81,919.62
459.04,918.08
464.97,929.94
455.71,911.42
451.31,902.62
441.78,883.56
444.46,888.92
435.1,870.2
420.45,840.9
409.81,819.62
411.225,822.45
393.54,787.08
403.99,807.98
392.64,785.28
387.97,775.94
404.99,809.98
420.27,840.54
421.57,843.14
427,854
434.15,868.3
433.72,867.44
428.1,856.2
426.36,852.72
424.85,849.7
424.5,849
433.76,867.52
431.37,862.74
427.6,855.2
441.9,883.8
449.82,899.64
456.46,912.92
465.44,930.88
464.69,929.38
454.58,909.16
450.22,900.44
457.42,914.84
459.5,919
441.45,882.9
437.93,875.86
432.83,865.66
428.45,856.9
435.6,871.2
429.7499,859.4998
429.8,859.6
424.5,849
434.51,869.02
421.48,842.96
427.8,855.6
438,876
444.05,888.1
448.43,896.86
443.82,887.64
453.85,907.7
449.25,898.5
446,892
457.69,915.38
461.1,922.2
468.85,937.7
464.5199,929.0398
467.21,934.42
479.51,959.02
476.5,953
474,948
463.25,926.5
456.47,912.94
444.05,888.1
453.91,907.82
459.11,918.22
456.98,913.96
457,914
458.5,917
437.825,875.65
451.69,903.38
460,920
508.81,1017.62
504.56,1009.12
498.516,997.032
510.31,1020.62
494.64,989.28
498.3,996.6
502.68,1005.36
521,1042
528.55,1057.1
522.5,1045
529.21,1058.42
522,1044
536.965,1073.93
547.88,1095.76
553.82,1107.64
510.53,1021.06
510.29,1020.58
513.54,1027.08
519,1038
520.35,1040.7
512.47,1024.94
530,1060
531.47,1062.94
525,1050
508.93,1017.86
514.75,1029.5
531.15,1062.3
547.77,1095.54
539.77,1079.54
525,1050
553.4,1106.8
528.94,1057.88
568.91,1137.82
581.8,1163.6
593.65,1187.3
586.79,1173.58
590.215,1180.43
577.27,1154.54
589.55,1179.1
575.9,1151.8
567.17,1134.34
564.25,1128.5
571.91,1143.82
540.7097,1081.4194
525.2,1050.4
537.53,1075.06
545.5,1091
538.91,1077.82
554.15,1108.3
540.42,1080.84
560.63,1121.26
573.835,1147.67
590.23,1180.46
583.515,1167.03
595.89,1191.78
598.22,1196.44
594.88,1189.76
609.43,1218.86
620,1240
621.44,1242.88
631,1262
612.42,1224.84
631.05,1262.1
639.59,1279.18
648.87,1297.74
635.34,1270.68
632.35,1264.7
629.56,1259.12
646.5,1293
639.74,1279.48
638.65,1277.3
646.88,1293.76
665.2,1330.4
671.25,1342.5
664.86,1329.72
661.81,1323.62
671.5,1343
678.75,1357.5
664.29,1328.58
668.74,1337.48
688.26,1376.52
686.86,1373.72
702.41,1404.82
699.16,1398.32
700.26,1400.52
699.88,1399.76
699.35,1398.7
689.955,1379.91
677.37,1354.74
666.85,1333.7
665.11,1330.22
680.45,1360.9
678.05,1356.1
673.17,1346.34
675.57,1351.14
665.76,1331.52
667.25,1334.5
670.64,1341.28
675.25,1350.5
674.9773,1349.9546
679.99,1359.98
659.51,1319.02
666.11,1332.22
654.42,1308.84
670.82,1341.64
650.01,1300.02
640,1280
631.21,1262.42
631.3,1262.6
631.87,1263.74
623.39,1246.78
618.71,1237.42
617.85,1235.7
619.39,1238.78
622.77,1245.54
617.29,1234.58
613.63,1227.26
602.84,1205.68
615.905,1231.81
603.23,1206.46
590.92,1181.84
575.01,1150.02
579.76,1159.52
574.46,1148.92
607.38,1214.76
594.4,1188.8
613.03,1226.06
611.28,1222.56
606.59,1213.18
610.79,1221.58
605.12,1210.24
602.95,1205.9
600.24,1200.48
606.12,1212.24
617.97,1235.94
605.3,1210.6
607.09,1214.18
600.56,1201.12
594.88,1189.76
584.73,1169.46
578,1156
571.67,1143.34
575,1150
571.33,1142.66
577.3,1154.6
579.04,1158.08
585.44,1170.88
588.21,1176.42
583.4,1166.8
570.96,1141.92
571,1142
571.24,1142.48
574.52,1149.04
574.46,1148.92
587.72,1175.44
571.6,1143.2
577.29,1154.58
567.77,1135.54
561.27,1122.54
561.5,1123
569.16,1138.32
580.74,1161.48
569.2,1138.4
570.9,1141.8
564.59,1129.18
575.87,1151.74
557.5,1115
569.55,1139.1
534.5,1069
533.96,1067.92
545.31,1090.62
554.05,1108.1
561.45,1122.9
562.57,1125.14
565,1130
574.58,1149.16
563.7,1127.4
569.58,1139.16
561.5,1123
577.08,1154.16
590.5,1181
580.24,1160.48
584.9,1169.8
597.8,1195.6
605.07,1210.14
614.27,1228.54
615.635,1231.27
562.61,1125.22
570.61,1141.22
591.38,1182.76
600.22,1200.44
613.72,1227.44
578.94,1157.88
610.06,1220.12
624.11,1248.22
625,1250
636.2,1272.4
639.93,1279.86
626.13,1252.26
626.98,1253.96
624.35,1248.7
627.3,1254.6
601.83,1203.66
608.77,1217.54
612.78,1225.56
618.38,1236.76
606.18,1212.36
599.79,1199.58
600.49,1200.98
597.78,1195.56
602.74,1205.48
599.51,1199.02
598.37,1196.74
584.72,1169.44
599.61,1199.22
578.05,1156.1
557.54,1115.08
548.982,1097.964
544.21,1088.42
534.69,1069.38
536.8,1073.6
523.66,1047.32
545.42,1090.84
544.24,1088.48
548.17,1096.34
541.56,1083.12
527.96,1055.92
521.31,1042.62
519.67,1039.34
514.54,1029.08
513.08,1026.16
506.88,1013.76
503.11,1006.22
491.5,983
514.26,1028.52
504.66,1009.32
499.53,999.06
490.96,981.92
480.76,961.52
470.5,941
465.25,930.5
458.38,916.76
457.3,914.6
455.9,911.8
458.41,916.82
455.59,911.18
445.71,891.42
444.34,888.68
448.36,896.72
454.44,908.88
425.1001,850.2002
422.67,845.34
427.49,854.98
430.15,860.3
426.96,853.92
424.2,848.4
419.7,839.4
422.28,844.56
422.68,845.36
425.9101,851.8202
425.5001,851.0002
419.77,839.54
414.95,829.9
410,820
409.4,818.8
403.51,807.02
403.4,806.8
406.89,813.78
403.1,806.2
399.69,799.38
397,794
396.69,793.38
387.76,775.52
382.47,764.94
380.36,760.72
383.33,766.66
386.7,773.4
393,786
391.68,783.36
392.85,785.7
391.45,782.9
389.93,779.86
392.51,785.02
393.49,786.98
389.83,779.66
382.54,765.08
381.29,762.58
375.84,751.68
372.35,744.7
368.42,736.84
374.51,749.02
371.02,742.04
370.4,740.8
378.92,757.84
383.98,767.96
389.25,778.5
380.8,761.6
383.5201,767.0402
386.61,773.22
397.03,794.06
396.97,793.94
402.21,804.42
399.91,799.82
402.03,804.06
399.07,798.14
400.09,800.18
397.41,794.82
402.42,804.84
403,806
407.56,815.12
401.76,803.52
405.03,810.06
396.18,792.36
398.1,796.2
400,800
401.35,802.7
421.76,843.52
421.74,843.48
416.83,833.66
404.98,809.96
407.34,814.68
392.57,785.14
379.09,758.18
375.78,751.56
373.33,746.66
367.86,735.72
374.57,749.14
380.37,760.74
387.12,774.24
401.92,803.84
400.19,800.38
408.73,817.46
399.86,799.72
400.28,800.56
401.03,802.06
419.64,839.28
415.25,830.5
397,794
395.54,791.08
391.43,782.86
387.02,774.04
382.14,764.28
375.89,751.78
383.93,767.86
382.4,764.8
385.56,771.12
367.37,734.74
374.74,749.48
385.82,771.64
390.57,781.14
388.25,776.5
388.18,776.36
371.17,742.34
365.08,730.16
373.47,746.94
360.3,720.6
364.51,729.02
362.17,724.34
370.84,741.68
382.31,764.62
381.52,763.04
379.63,759.26
378.07,756.14
370.52,741.04
371.15,742.3
361.3,722.6
361.69,723.38
380.44,760.88
389.41,778.82
390.98,781.96
397.65,795.3
397.78,795.56
387.64,775.28
391.62,783.24
400.59,801.18
400,800
390.35,780.7
388.32,776.64
386.95,773.9
396.12,792.24
378,756
365.43,730.86
361.17,722.34
361.01,722.02
358.33,716.66
353.53,707.06
356.34,712.68
353.34,706.68
354.67,709.34
348.95,697.9
343,686
335.95,671.9
334.7,669.4
336.04,672.08
333.65,667.3
327.59,655.18
331.37,662.74
318.94,637.88
325.16,650.32
316.68,633.36
317.355,634.71
328.99,657.98
326.9,653.8
329.75,659.5
330,660
327.2,654.4
330.55,661.1
333.25,666.5
331.78,663.56
338.17,676.34
344.84,689.68
343.18,686.36
346.5,693
348.87,697.74
341.1,682.2
334.8,669.6
335.97,671.94
333.43,666.86
335.5,671
329.97,659.94
339.56,679.12
342.08,684.16
336.47,672.94
332,664
339.2,678.4
345.66,691.32
346.12,692.24
349.02,698.04
348.89,697.78
347.86,695.72
349.69,699.38
348.4,696.8
348.26,696.52
347.99,695.98
349.74,699.48
346.78,693.56
346.19,692.38
352.24,704.48
353.62,707.24
350.34,700.68
355,710
343.51,687.02
333.1,666.2
326.1,652.2
333.3,666.6
334.8,669.6
335.02,670.04
330.49,660.98
334.06,668.12
339.92,679.84
338.1,676.2
341.22,682.44
336.99,673.98
344.31,688.62
351.11,702.22
346.36,692.72
350.64,701.28
347.66,695.32
353.15,706.3
348.07,696.14
341.85,683.7
339.28,678.56
342.56,685.12
335.99,671.98
337.13,674.26
336.83,673.66
342,684
342.1,684.2
353.18,706.36
345.33,690.66
349.12,698.24
354.69,709.38
354.91,709.82
361.4,722.8
360.07,720.14
357.19,714.38
349.96,699.92
355.47,710.94
351.24,702.48
345.26,690.52
344.02,688.04
338.77,677.54
342.15,684.3
358.71,717.42
357.25,714.5
360.8,721.6
359.19,718.38
356.79,713.58
354.7526,709.5052
357.39,714.78
355.19,710.38
353.68,707.36
347.89,695.78
343.64,687.28
343.8,687.6
344.45,688.9
341.3,682.6
335.8,671.6
344.17,688.34
343.78,687.56
342.96,685.92
336.33,672.66
326.87,653.74
333.77,667.54
336.43,672.86
348.35,696.7
329.52,659.04
345.89,691.78
345.16,690.32
343.25,686.5
344.88,689.76
338.83,677.66
333.99,667.98
334.7194,669.4388
329.55,659.1
332.44,664.88
325.64,651.28
322.95,645.9
325.48,650.96
326.22,652.44
325.9102,651.8204
322.8519,645.7038
325,650
324.36,648.72
323,646
321.6,643.2
321.63,643.26
321.09,642.18
320,640
321.73,643.46
324.37,648.74
319.65,639.3
322.1317,644.2634
319.63,639.26
323.8,647.6
318.64,637.28
317.01,634.02
317.53,635.06
315.27,630.54
313.54,627.08
315.5,631
313.74,627.48
312,624
310.45,620.9
306.68,613.36
307.97,615.94
305.2,610.4
301.2,602.4
305.72,611.44
308.46,616.92
316,632
315,630
316.64,633.28
321.05,642.1
317.2,634.4
317.99,635.98
315.45,630.9
311.37,622.74
307,614
302.22,604.44
304.23,608.46
307.95,615.9
307.65,615.3
306.87,613.74
309.09,618.18
309.07,618.14
312.36,624.72
309,618
303.4,606.8
318.47,636.94
307.44,614.88
301.69,603.38
300.2,600.4
295.41,590.82
294.74,589.48
291.7129,583.4258
290.3362,580.6724
289.59,579.18
282,564
281.6,563.2
283.75,567.5
289,578
287.23,574.46
291.77,583.54
293.975,587.95
292.1,584.2
286.33,572.66
282.71,565.42
283.86,567.72
276.08,552.16
277.69,555.38
270.24,540.48
268.17,536.34
266.21,532.42
265.82,531.64
263.19,526.38
265.04,530.08
259.78,519.56
256.64,513.28
255.09,510.18
251.2623,502.5246
247.47,494.94
241.85,483.7
240.76,481.52
241.75,483.5
245.45,490.9
238.04,476.08
242.67,485.34
251.79,503.58
249.39,498.78
252.84,505.68
252.36,504.72
250.08,500.16
247.58,495.16
251.65,503.3
246.69,493.38
255.4,510.8
259.85,519.7
261.48,522.96
259.78,519.56
261.73,523.46
262.84,525.68
261.01,522.02
260.44,520.88
255.8925,511.785
260.71,521.42
263.67,527.34
260.87,521.74
260,520
257.09,514.18
257.68,515.36
265.09,530.18
242.9,485.8
249.88,499.76
253.18,506.36
248.23,496.46
249.38,498.76
256.32,512.64
258.53,517.06
256.89,513.78
262.48,524.96
250.49,500.98
251,502
250.49,500.98
254.3,508.6
256.71,513.42
264.1205,528.241
266.93,533.86
270.06,540.12
271,542
274.58,549.16
272.16,544.32
277.69,555.38
272.25,544.5
270.6,541.2
261.1,522.2
255.64,511.28
255.96,511.92
248.225,496.45
244.84,489.68
251.47,502.94
253.24,506.48
258.29,516.58
258.21,516.42
265.18,530.36
264.54,529.08
259.69,519.38
259.3881,518.7762
250.6,501.2
250.08,500.16
239.35,478.7
247.28,494.56
232.82,465.64
241.88,483.76
249.5,499
256.98,513.96
254.7,509.4
255.165,510.33
263.22,526.44
259.245,518.49
251.84,503.68
250.25,500.5
243.71,487.42
253.83,507.66
253.03,506.06
262.89,525.78
263.84,527.68
269.31,538.62
263.02,526.04
263.25,526.5
267.27,534.54
271.88,543.76
267.99,535.98
258.24,516.48
258.805,517.61
248.54,497.08
247.03,494.06
248.57,497.14
245.78,491.56
245.28,490.56
241.86,483.72
242.2,484.4
241.43,482.86
240.44,480.88
239.72,479.44
238.2,476.4
234.975,469.95
237.49,474.98
235.49,470.98
236.6027,473.2054
233,466
228.95,457.9
230.458,460.916
227.64,455.28
225.64,451.28
220.47,440.94
224.79,449.58
224.1,448.2
224.9,449.8
224.18,448.36
225.38,450.76
227.37,454.74
223.91,447.82
223.8295,447.659
218.31,436.62
220.01,440.02
214.94,429.88
209.28,418.56
208.94,417.88
209.93,419.86
205.75,411.5
202.38,404.76
197.38,394.76
198.23,396.46
200,400
202.34,404.68
201.86,403.72
201.63,403.26
204.19,408.38
201.94,403.88
198.11,396.22
194.88,389.76
195.89,391.78
196.42,392.84
195.69,391.38
192.625,385.25
196.73,393.46
195.17,390.34
195.91,391.82
192.37,384.74
201.08,402.16
204.93,409.86
206.85,413.7
205.95,411.9
202.51,405.02
206.78,413.56
212.08,424.16
214.91,429.82
208.33,416.66
210.93,421.86
210.11,420.22
207.87,415.74
209.19,418.38
212.8,425.6
210.3,420.6
211.75,423.5
214.38,428.76
214.6,429.2
213.43,426.86
213.13,426.26
208.83,417.66
212.63,425.26
211.72,423.44
203.55,407.1
201.25,402.5
199.44,398.88
196.05,392.1
193.17,386.34
194.26,388.52
195.1,390.2
195.83,391.66
195.37,390.74
197.78,395.56
199.5,399
191.28,382.56
189.36,378.72
193.32,386.64
199.6995,399.399
197.42,394.84
198.96,397.92
202.24,404.48
201.11,402.22
199.22,398.44
205.4,410.8
205.33,410.66
203,406
199.15,398.3
204.61,409.22
206.54,413.08
206.08,412.16
205.48,410.96
202.87,405.74
203.14,406.28
204.56,409.12
201.02,402.04
196.94,393.88
192.51,385.02
192.4,384.8
190.73,381.46
187.85,375.7
189.8,379.6
196.056,392.112
195,390
197.71,395.42
201.66,403.32
203.67,407.34
205.7,411.4
204.7,409.4
199.52,399.04
200.6,401.2
187.85,375.7
189.35,378.7
189.63,379.26
192.25,384.5
190.63,381.26
191.02,382.04
188.97,377.94
190.66,381.32
189.76,379.52
187.74,375.48
186.2,372.4
181.41,362.82
185.35,370.7
186.13,372.26
186.73,373.46
183.87,367.74
182.01,364.02
187.2,374.4
185.4,370.8
185.19,370.38
184.29,368.58
185.83,371.66
181.98,363.96
177.99,355.98
174.04,348.08
170.83,341.66
172.91,345.82
172.06,344.12
172.78,345.56
172.98,345.96
167.2757,334.5514
166.44,332.88
164.62,329.24
167.99,335.98
168.16,336.32
172.27,344.54
168.75,337.5
168.92,337.84
169.4599,338.9198
170.12,340.24
167.65,335.3
164.98,329.96
162.75,325.5
161.63,323.26
163.55,327.1
167.94,335.88
166.65,333.3
162.55,325.1
163.69,327.38
165.66,331.32
165.49,330.98
165.58,331.16
165.75,331.5
164.93,329.86
165.21,330.42
162.9881,325.9762
161.7,323.4
158.9,317.8
158.88,317.76
160.17,320.34
156.95,313.9
156.63,313.26
157.79,315.58
153.29,306.58
153.27,306.54
149.08,298.16
145.76,291.52
145.04,290.08
142.03,284.06
139.54,279.08
136.34,272.68
137.76,275.52
135.92,271.84
138.48,276.96
138.7,277.4
141.25,282.5
143.5,287
142.58,285.16
143.46,286.92
139.79,279.58
135.75,271.5
135.42,270.84
136.4,272.8
140.67,281.34
138.07,276.14
136.11,272.22
136.67,273.34
136.66,273.32
136.01,272.02
138.81,277.62
139.55,279.1
142.28,284.56
143.81,287.62
143.82,287.64
145.31,290.62
140.13,280.26
140,280
138.99,277.98
136.47,272.94
135.39,270.78
133.45,266.9
131.78,263.56
124.76,249.52
124.05,248.1
125.15,250.3
127.63,255.26
126.82,253.64
123.73,247.46
122.32,244.64
119.78,239.56
123.21,246.42
129.56,259.12
127.37,254.74
129.04,258.08
132.33,264.66
133.33,266.66
131.75,263.5
128.24,256.48
125.8,251.6
126.22,252.44
124.85,249.7
123.3501,246.7002
122.9,245.8
124.64,249.28
126.62,253.24
122.63,245.26
118.89,237.78
121.73,243.46
121.18,242.36
119.19,238.38
117.2,234.4
119.57,239.14
120.01,240.02
118.42,236.84
115.43,230.86
116.53,233.06
114.94,229.88
114.19,228.38
110.145,220.29
104.09,208.18
105.45,210.9
104.51,209.02
108.23,216.46
107.83,215.66
107.58,215.16
106.36,212.72
102.71,205.42
102.09,204.18
101.91,203.82
99.91,199.82
95.26,190.52
96.45,192.9
96.3,192.6
92.9703,185.9406
89.9,179.8
84.87,169.74
84.12,168.24
88.34,176.68
90.25,180.5
90.24,180.48
88.83,177.66
89.31,178.62
87.91,175.82
92,184
89.86,179.72
87.4475,174.895
91.6,183.2
89.4,178.8
93.37,186.74
95.03,190.06
96.79,193.58
99.11,198.22
95.83,191.66
96.35,192.7
101.17,202.34
101.165,202.33
97,194
92.77,185.54
93.24,186.48
91.92,183.84
89.1,178.2
92.62,185.24
93.09,186.18
92.15,184.3
90.19,180.38
88.88,177.76
86.81,173.62
88,176
79.45,158.9
81.93,163.86
84.3,168.6
80.56,161.12
86.24,172.48
88.24,176.48
90.46,180.92
93.21,186.42
90.43,180.86
91.81,183.62
95.95,191.9
93.17,186.34
85.88,171.76
85.97,171.94
87.42,174.84
86.52,173.04
86.64,173.28
86.14,172.28
86.87,173.74
90.02,180.04
90.13,180.26
89.31,178.62
91.03,182.06
93.98,187.96
95.99,191.98
92.8,185.6
97.35,194.7
97.87,195.74
98.395,196.79
97.28,194.56
90.35,180.7
94.43,188.86
89.4,178.8
90.03,180.06
91.3,182.6
94.7,189.4
89.92,179.84
94.63,189.26
85.21,170.42
81.93,163.86
85.24,170.48
89.44,178.88
89.64,179.28
88.48,176.96
93.76,187.52
89.87,179.74
92.43,184.86
94.81,189.62
100.17,200.34
99.24,198.48
101.05,202.1
108.91,217.82
109.99,219.98
105.93,211.86
107.4,214.8
108.23,216.46
100.86,201.72
95.43,190.86
95.07,190.14
90.33,180.66
96.51,193.02
97.37,194.74
96.95,193.9
99.78,199.56
99.6,199.2
99.77,199.54
103.84,207.68
116.26,232.52
104.55,209.1
85.7,171.4
93.35,186.7
85.9125,171.825
100.48,200.96
91.96,183.92
104,208
108.01,216.02
111.92,223.84
108.25,216.5
119.62,239.24
124.91,249.82
129.8,259.6
127.27,254.54
131.85,263.7
139.94,279.88
142.6,285.2
130.57,261.14
138.49,276.98
133.86,267.72
142.03,284.06
150.9099,301.8198
148.18,296.36
152.32,304.64
156.86,313.72
164.57,329.14
158.59,317.18
165.86,331.72
166.84,333.68
172.4,344.8
172.96,345.92
175.28,350.56
173.31,346.62
172.76,345.52
176.15,352.3
175.82,351.64
174.47,348.94
174.7725,349.545
174.54,349.08
175.57,351.14
179.04,358.08
178.33,356.66
177.98,355.96
173.52,347.04
170.07,340.14
163.86,327.72
162.89,325.78
159.97,319.94
155.5,311
156.58,313.16
159.94,319.88
157.7,315.4
157.71,315.42
156.55,313.1
162.18,324.36
160.37,320.74
164.3,328.6
165.15,330.3
148.9,297.8
166.9,333.8
168.21,336.42
174.09,348.18
170.08,340.16
172.3,344.6
175.37,350.74
175.37,350.74
174.91,349.82
180.25,360.5
175.4,350.8
173,346
169.59,339.18
175.05,350.1
164.05,328.1
170.04,340.08
166.44,332.88
174.14,348.28
174.5,349
172.06,344.12
174.78,349.56
176.55,353.1
178.48,356.96
181,362
178.17,356.34
171.25,342.5
171.5,343
181.45,362.9
184.34,368.68
180.33,360.66
184.92,369.84
188,376
186.25,372.5
184,368
186.9,373.8
188.5,377
187.5,375
186.93,373.86
187.49,374.98
182.8,365.6
180.75,361.5
179.18,358.36
185.61,371.22
181.83,363.66
187.9,375.8
190.3,380.6
186.78,373.56
191.29,382.58
188.6,377.2
185.12,370.24
183.18,366.36
183.75,367.5
186.13,372.26
184.56,369.12
181.81,363.62
180.31,360.62
175.01,350.02
176.26,352.52
171.11,342.22
169.74,339.48
170.6,341.2
165.31,330.62
164.05,328.1
167.41,334.82
162.35,324.7
159.04,318.08
154.18,308.36
151.76,303.52
149.4,298.8
146.77,293.54
152.72,305.44
151.13,302.26
153.31,306.62
153.55,307.1
156.13,312.26
152.19,304.38
147.06,294.12
148.78,297.56
146.3,292.6
143.27,286.54
141.8,283.6
144.95,289.9
140.87,281.74
139.96,279.92
134.01,268.02
131.12,262.24
133.12,266.24
129.18,258.36
122.55,245.1
129.88,259.76
124.1,248.2
127.04,254.08
124.1,248.2
121.98,243.96
120.41,240.82
124.4899,248.9798
123.58,247.16
121.99,243.98
124.44,248.88
129.75,259.5
127.2,254.4
118.23,236.46
117.64,235.28
118.59,237.18
122.48,244.96
126.05,252.1
122.2,244.4
125.99,251.98
126.27,252.54
129.4,258.8
126.68,253.36
130.7,261.4
128.01,256.02
122.08,244.16
119.97,239.94
130.83,261.66
130.43,260.86
134.21,268.42
136.24,272.48
129.45,258.9
131.37,262.74
131.15,262.3
128.16,256.32
138.99,277.98
139.99,279.98
136.19,272.38
148.06,296.12
161.71,323.42
161.51,323.02
165.23,330.46
177.72,355.44
177.52,355.04
176,352
177.58,355.16
171.3,342.6
180.14,360.28
181.25,362.5
191.45,382.9
195.41,390.82
199.27,398.54
199.5,399
200.59,401.18
198.95,397.9
199.01,398.02
195.03,390.06
190.12,380.24
185.43,370.86
182.98,365.96
186.52,373.04
190.72,381.44
190.37,380.74
190.19,380.38
193.44,386.88
194.75,389.5
193.59,387.18
190.54,381.08
186.19,372.38
182.89,365.78
177.15,354.3
181.86,363.72
187.34,374.68
179.43,358.86
176.82,353.64
175.22,350.44
173.59,347.18
172,344
165.84,331.68
165.67,331.34
166.1,332.2
165.3,330.6
166.39,332.78
177.16,354.32
160.85,321.7
165.28,330.56
171.15,342.3
186.67,373.34
190.61,381.22
187.05,374.1
185.29,370.58
189.21,378.42
188.6,377.2
187.63,375.26
186.18,372.36
185.7,371.4
185.29,370.58
184.87,369.74
185.81,371.62
188.56,377.12
170.35,340.7
174.24,348.48
171.5,343
172.69,345.38
165.54,331.08
167.98,335.96
163.01,326.02
169.49,338.98
167.55,335.1
170.2,340.4
163.49,326.98
158.36,316.72
158,316
157.78,315.56
156.55,313.1
154.63,309.26
153.44,306.88
153.77,307.54
154.47,308.94
146.84,293.68
146.73,293.46
141.14,282.28
140.15,280.3
143.02,286.04
139.05,278.1
138.99,277.98
136.57,273.14
138.83,277.66
135.99,271.98
137.9,275.8
137,274
132.01,264.02
135.57,271.14
144.97,289.94
139.94,279.88
139.49,278.98
132.67,265.34
129.88,259.76
130.99,261.98
133.3907,266.7814
130.53,261.06
133.09,266.18
131.22,262.44
122.21,244.42
123.96,247.92
122.01,244.02
117.01,234.02
122.74,245.48
128.29,256.58
128.33,256.66
123.12,246.24
131.11,262.22
136.76,273.52
134.94,269.88
132.9,265.8
135.26,270.52
136.65,273.3
133.64,267.28
142.97,285.94
144.33,288.66
146.19,292.38
145.87,291.74
137.35,274.7
138.88,277.76
143.31,286.62
141.65,283.3
140.3,280.6
138.19,276.38
138.3,276.6
138.39,276.78
135.03,270.06
133.85,267.7
132.07,264.14
128.88,257.76
132.38,264.76
133.13,266.26
128.8,257.6
122,244
121.05,242.1
121.97,243.94
122.36,244.72
120.61,241.22
123.98,247.96
124.19,248.38
123.85,247.7
121.7,243.4
123.87,247.74
124.69,249.38
123.28,246.56
120.62,241.24
117.2,234.4
121.15,242.3
119.35,238.7
126,252
125.825,251.65
124.99,249.98
122.3,244.6
121.41,242.82
118.63,237.26
121.1,242.2
120.07,240.14
114.3,228.6
114.45,228.9
112,224
112.81,225.62
114.02,228.04
112.49,224.98
110.31,220.62
110.23,220.46
107.15,214.3
108.53,217.06
109.57,219.14
109.62,219.24
107.74,215.48
106.63,213.26
104.91,209.82
103.47,206.94
101.08,202.16
100.8,201.6
100.73,201.46
99.65,199.3
99.59,199.18
100.09,200.18
98.18,196.36
101.58,203.16
94.23,188.46
93.96,187.92
91.585,183.17
90.889,181.778
90.19,180.38
90.16,180.32
92,184
90.57,181.14
90.9,181.8
92.04,184.08
93.9,187.8
93.67,187.34
95.21,190.42
94.12,188.24
94.94,189.88
94.14,188.28
94.14,188.28
94.28,188.56
94.19,188.38
94.88,189.76
95.71,191.42
93.99,187.98
93.35,186.7
93.73,187.46
91.99,183.98
91.35,182.7
90.24,180.48
89.538,179.076
89.96,179.92
88.6,177.2
89.41,178.82
88.07,176.14
88.8,177.6
88.59,177.18
88.05,176.1
87.8,175.6
85.89,171.78
86.77,173.54
84.03,168.06
83,166
86.3,172.6
89.84,179.68
89.16,178.32
90.8,181.6
85.98,171.96
84.65,169.3
85.25,170.5
85.44,170.88
84.63,169.26
85.16,170.32
84.43,168.86
85.88,171.76
85.43,170.86
84.48,168.96
84.45,168.9
84.3,168.6
84.12,168.24
86.23,172.46
84.86,169.72
86.43,172.86
86.3,172.6
87.115,174.23
87.111,174.222
86.68,173.36
85.73,171.46
89.14,178.28
88.63,177.26
92.1,184.2
97.56,195.12
95.68,191.36
94.59,189.18
95.94,191.88
94.75,189.5
86.45,172.9
85.96,171.92
85.77,171.54
84.05,168.1
86.29,172.58
83.95,167.9
80.22,160.44
78.15,156.3
82.15,164.3
83.46,166.92
84.6956,169.3912
86.47,172.94
84.73,169.46
87.625,175.25
89.02,178.04
89.05,178.1
87.95,175.9
88.61,177.22
88.9,177.8
87.23,174.46
90.025,180.05
90.645,181.29
91.655,183.31
91.88,183.76
91.8,183.6
92.215,184.43
93,186
90.36,180.72
92.51,185.02
89.53,179.06
88.99,177.98
87.42,174.84
85.4,170.8
85.145,170.29
84.87,169.74
85.05,170.1
84.8,169.6
83.22,166.44
83.55,167.1
82.9,165.8
80.02,160.04
80.45,160.9
78.95,157.9
79.36,158.72
78.915,157.83
81.1,162.2
81.45,162.9
79.985,159.97
81.75,163.5
81.9,163.8
81.35,162.7
81.21,162.42
79.99,159.98
78.97,157.94
79.26,158.52
74.75,149.5
75.04,150.08
75.19,150.38
75.63,151.26
73.61,147.22
73.42,146.84
74.54,149.08
73.8,147.6
74.42,148.84
74.53,149.06
74.1,148.2
74.45,148.9
75.1,150.2
77.11,154.22
77.02,154.04
77.17,154.34
76.18,152.36
73.81,147.62
74.3,148.6
75.25,150.5
74.38,148.76
74.1,148.2
73.8,147.6
74.6,149.2
73.72,147.44
72.85,145.7
72.81,145.62
72.43,144.86
73.37,146.74
70.6,141.2
71.08,142.16
68.97,137.94
68.48,136.96
67.28,134.56
67.335,134.67
66.99,133.98
68.5,137
67.34,134.68
67.89,135.78
68,136
66.68,133.36
67.3,134.6
67.71,135.42
68,136
67.1,134.2
65.34,130.68
64.05,128.1
63.25,126.5
63.25,126.5
65.43,130.86
67.09,134.18
67.72,135.44
67.05,134.1
67.91,135.82
67.65,135.3
67.22,134.44
66.83,133.66
63.94,127.88
64.505,129.01
62,124
61.78,123.56
61.26,122.52
59.82,119.64
60.96,121.92
52.96,105.92
53.16,106.32
51.73,103.46
52.5,105
52.03,104.06
55.17,110.34
55.11,110.22
55.7,111.4
55.48,110.96
57.09,114.18
57.15,114.3
57.52,115.04
57.59,115.18
56.76,113.52
57.29,114.58
59.09,118.18
59.17,118.34
59.72,119.44
58.2,116.4
57.74,115.48
57.61,115.22
57.83,115.66
58.955,117.91
57.3,114.6
58.28,116.56
57.61,115.22
58.83,117.66
61.18,122.36
58.44,116.88
60.1,120.2
60.22,120.44
61.15,122.3
62.99,125.98
59.85,119.7
61.755,123.51
63.29,126.58
64.31,128.62
64.26,128.52
62.99,125.98
64.86,129.72
63.87,127.74
63.26,126.52
65.68,131.36
64.705,129.41
68.1,136.2
67.37,134.74
67.7,135.4
70.8,141.6
71.29,142.58
71.83,143.66
72.99,145.98
71.86,143.72
71.22,142.44
71.95,143.9
70.15,140.3
70.78,141.56
69.25,138.5
67.74,135.48
66.6,133.2
65.97,131.94
66.92,133.84
68.47,136.94
69.5,139
66.82,133.64
65,130
66.51,133.02
66.3,132.6
68.14,136.28
69.03,138.06
70.24,140.48
70.91,141.82
68.3,136.6
64.71,129.42
62.11,124.22
63.66,127.32
63.24,126.48
62.85,125.7
59.13,118.26
59.69,119.38
60.23,120.46
60.27,120.54
61.69,123.38
62.26,124.52
64.3,128.6
65.21,130.42
64.74,129.48
66.89,133.78
67.82,135.64
65.79,131.58
65.61,131.22
64.01,128.02
66.09,132.18
66.36,132.72
65.76,131.52
67.6,135.2
69.33,138.66
69.02,138.04
69,138
71.6,143.2
72.02,144.04
72.14,144.28
71.78,143.56
69,138
70.63,141.26
70.31,140.62
69.99,139.98
67.31,134.62
65.11,130.22
66.52,133.04
65.13,130.26
69.21,138.42
68.46,136.92
68.34,136.68
72.16,144.32
72.28,144.56
75.32,150.64
75,150
75.5,151
71.28,142.56
72.89,145.78
74.53,149.06
77.39,154.78
78.76,157.52
76.1,152.2
79.28,158.56
81.25,162.5
83.08,166.16
85.7,171.4
84.99,169.98
84.97,169.94
83.84,167.68
76.25,152.5
76.73,153.46
75.24,150.48
74.83,149.66
75.13,150.26
72.332,144.664
70.91,141.82
73.78,147.56
74.44,148.88
74,148
74.17,148.34
73.91,147.82
72.6,145.2
71.625,143.25
71.11,142.22
72.14,144.28
72.68,145.36
72.53,145.06
74.85,149.7
74.87,149.74
74.21,148.42
73.2,146.4
74.23,148.46
73.93,147.86
71.95,143.9
72.09,144.18
68.95,137.9
68.43,136.86
69.99,139.98
70.72,141.44
67.66,135.32
66.88,133.76
64.84,129.68
64.82,129.64
65.35,130.7
65.59,131.18
63.15,126.3
61.6,123.2
61.54,123.08
61.54,123.08
60.64,121.28
60,120
59.95,119.9
60.85,121.7
60.35,120.7
60.26,120.52
57.72,115.44
57.24,114.48
55.2,110.4
56.04,112.08
56.99,113.98
56.28,112.56
56.4,112.8
55.25,110.5
56.84,113.68
54.47,108.94
52.07,104.14
53.25,106.5
53.98,107.96
54.03,108.06
49.44,98.88
48.65,97.3
51.23,102.46
51.84,103.68
51.74,103.48
53.2,106.4
54.33,108.66
54.95,109.9
54.16,108.32
52.33,104.66
51.23,102.46
53.07,106.14
53.92,107.84
54.03,108.06
52.1,104.2
51.95,103.9
52.96,105.92
52.99,105.98
51.05,102.1
50.23,100.46
50,100
51.18,102.36
51.02,102.04
51.1,102.2
50.04,100.08
49.35,98.7
49.05,98.1
46.69,93.38
46.3,92.6
47,94
46.79,93.58
45.99,91.98
45.27,90.54
46.11,92.22
46.12,92.24
45.6,91.2
45.85,91.7
46.15,92.3
46.25,92.5
46.91,93.82
46.4,92.8
47.39,94.78
46.48,92.96
43.46,86.92
43.39,86.78
44,88
42.93,85.86
43,86
42.49,84.98
42.98,85.96
43.19,86.38
42.89,85.78
42.6,85.2
43.56,87.12
43.96,87.92
43.83,87.66
44.01,88.02
43.99,87.98
43.44,86.88
43.7,87.4
42.86,85.72
41.52,83.04
41.41,82.82
40.97,81.94
40.79,81.58
38.29,76.58
38.23,76.46
38.37,76.74
37.87,75.74
36.81,73.62
37.78,75.56
36.6,73.2
36.83,73.66
36.61,73.22
37.23,74.46
37.49,74.98
36.84,73.68
39.09,78.18
38.83,77.66
38.26,76.52
37.7,75.4
37.85,75.7
38.48,76.96
37.19,74.38
36.87,73.74
36.01,72.02
35.89,71.78
37.4,74.8
37,74
36.63,73.26
37.6,75.2
38.33,76.66
38.16,76.32
40.05,80.1
39.89,79.78
40.66,81.32
40.64,81.28
40.025,80.05
39.5,79
39.45,78.9
37.85,75.7
37.25,74.5
35.8,71.6
35.5,71
35.14,70.28
34.56,69.12
34.2,68.4
35.42,70.84
35.24,70.48
36.67,73.34
37.24,74.48
36.89,73.78
37.25,74.5
36.11,72.22
36.4,72.8
36.21,72.42
36.15,72.3
36.29,72.58
35.89,71.78
36.78,73.56
36.49,72.98
36.8,73.6
36.4,72.8
37.66,75.32
36.6,73.2
35.03,70.06
36.62,73.24
38.81,77.62
42.95,85.9
42.49,84.98
44.22,88.44
43.7,87.4
42.33,84.66
42.4,84.8
41.22,82.44
40.99,81.98
42.09,84.18
42.45,84.9
41.99,83.98
42.56,85.12
42.75,85.5
42.95,85.9
42.45,84.9
43.71,87.42
43.29,86.58
43.33,86.66
41.53,83.06
41.21,82.42
40.64,81.28
40.52,81.04
40.21,80.42
39.59,79.18
39.61,79.22
41.9,83.8
42.8,85.6
42.76,85.52
44.34,88.68
44.25,88.5
44.99,89.98
44.68,89.36
89.62,179.24
88.48,176.96
86.69,173.38
86.3,172.6
87.74,175.48
90.65,181.3
88.15,176.3
86.66,173.32
83.16,166.32
79.86,159.72
78.72,157.44
81,162
79.07,158.14
78.93,157.86
78.09,156.18
79.1,158.2
77.9,155.8
77.05,154.1
74.58,149.16
72.62,145.24
72.16,144.32
72.68,145.36
71.41,142.82
70.98,141.96
71.22,142.44
69.65,139.3
70.6,141.2
69.74,139.48
70.24,140.48
73.65,147.3
65.35,130.7
68.26,136.52
69.9,139.8
65,130
64.685,129.37
64.47,128.94
63.8,127.6
64.78,129.56
64.89,129.78
64.81,129.62
63.8,127.6
63.3,126.6
64.64,129.28
63.75,127.5
64.19,128.38
63.56,127.12
65.48,130.96
66.83,133.66
66.24,132.48
65.24,130.48
65.335,130.67
65.74,131.48
65.03,130.06
62.75,125.5
63.15,126.3
65.93,131.86
64.31,128.62
64.56,129.12
66.13,132.26
67.79,135.58
68.74,137.48
69,138
65.35,130.7
61.69,123.38
62.29,124.58
58.04,116.08
55.49,110.98
54.3,108.6
55.19,110.38
55.1,110.2
55.08,110.16
55.01,110.02
54.95,109.9
53.95,107.9
54.2,108.4
54.53,109.06
54.9,109.8
55.03,110.06
54.44,108.88
52.43,104.86
52.5,105
51.96,103.92
49.98,99.96
48.66,97.32
47.45,94.9
47.19,94.38
47.4,94.8
47.64,95.28
47.1,94.2
48.1,96.2
44.79,89.58
44.91,89.82
43.03,86.06
38.86,77.72
38.5,77
38.8,77.6
39.55,79.1
40.54,81.08
39.5,79
38.56,77.12
39.01,78.02
39.15,78.3
39,78
37.93,75.86
37.5,75
36.97,73.94
37.4,74.8
37.04,74.08
38.1,76.2
37.73,75.46
36.9,73.8
36.55,73.1
35.2,70.4
35.2,70.4
35.3,70.6
35.86,71.72
35.66,71.32
36.1,72.2
35.7,71.4
35.4,70.8
35.03,70.06
35.5,71
34.3,68.6
34.07,68.14
34.02,68.04
34.61,69.22
33.09,66.18
31.91,63.82
31.26,62.52
30.86,61.72
30.71,61.42
31.51,63.02
30.51,61.02
30.6,61.2
30.88,61.76
30.66,61.32
30.46,60.92
31.1,62.2
30.39,60.78
29.85,59.7
30.9,61.8
31.75,63.5
31.19,62.38
31.5,63
31.18,62.36
32.69,65.38
32.5,65
32.31,64.62
31.75,63.5
30.85,61.7
31.7,63.4
31.34,62.68
32.301,64.602
31.93,63.86
32.05,64.1
32.85,65.7
32.65,65.3
28.86,57.72
29.25,58.5
30.01,60.02
30.27,60.54
30.13,60.26
30.81,61.62
31.27,62.54
30.45,60.9
32.08,64.16
32.509,65.018
32.1,64.2
33.9,67.8
33.07,66.14
33.52,67.04
33,66
32.32,64.64
33.1,66.2
32.58,65.16
32.55,65.1
30.62,61.24
30.5,61
30.65,61.3
30.32,60.64
30.09,60.18
29.99,59.98
29.04,58.08
28.56,57.12
28.72,57.44
28.03,56.06
27.79,55.58
28.08,56.16
28.48,56.96
28.31,56.62
27.5,55
27.25,54.5
26.9,53.8
26.63,53.26
27.4,54.8
26.97,53.94
26.7,53.4
27.25,54.5
27.1273,54.2546
26.79,53.58
26.4,52.8
26.27,52.54
26.57,53.14
26.41,52.82
26.2,52.4
25.97,51.94
26,52
26.71,53.42
26.45,52.9
26.82,53.64
27.24,54.48
27.58,55.16
27.7,55.4
27.56,55.12
27.6,55.2
28.21,56.42
28.12,56.24
29.07,58.14
29,58
26.74,53.48
28,56
27.5,55
27.9,55.8
27.62,55.24
27.74,55.48
27.48,54.96
27.74,55.48
26.9,53.8
27.86,55.72
27.86,55.72
27.4,54.8
26.91,53.82
26.1,52.2
25.3,50.6
25.92,51.84
25.37,50.74
25.7,51.4
25.94,51.88
25.96,51.92
26.55,53.1
27.03,54.06
27.32,54.64
27.26,54.52
26.99,53.98
25.9,51.8
26.79,53.58
24.95,49.9
23.96,47.92
23.6,47.2
24,48
24.09,48.18
22.96,45.92
22.84,45.68
22.22,44.44
22.14,44.28
22.45,44.9
22.5,45
23.31,46.62
23.18,46.36
23.1,46.2
23.85,47.7
23.67,47.34
23.09,46.18
22.62,45.24
22.62,45.24
22.45,44.9
21.82,43.64
22,44
22.3,44.6
22.46,44.92
22.74,45.48
22.63,45.26
22.84,45.68
23.03,46.06
22.46,44.92
22.25,44.5
22.56,45.12
22.7,45.4
22.67,45.34
22.996,45.992
22.94,45.88
24.4,48.8
24.7,49.4
23.16,46.32
23.23,46.46
22.84,45.68
22.1,44.2
22.25,44.5
21.42,42.84
21.55,43.1
21.35,42.7
21.18,42.36
20.91,41.82
20.35,40.7
19.72,39.44
19.94,39.88
19.65,39.3
20.19,40.38
19.9,39.8
20.08,40.16
20.19,40.38
21.49,42.98
21.32,42.64
20.25,40.5
20.45,40.9
21.17,42.34
20.78,41.56
20.9,41.8
20.94,41.88
21.54,43.08
21.6,43.2
21.04,42.08
20.78,41.56
20.89,41.78
21.23,42.46
20.5,41
20.34,40.68
20.1,40.2
20.56,41.12
21.21,42.42
21.35,42.7
22.48,44.96
22.07,44.14
21.48,42.96
21.9,43.8
22.45,44.9
23.19,46.38
22.91,45.82
22.82,45.64
23.07,46.14
22.83,45.66
23.3,46.6
23.99,47.98
23.51,47.02
22.56,45.12
22.75,45.5
22.56,45.12
22.73,45.46
22.94,45.88
23.31,46.62
22.6,45.2
23.38,46.76
23.8,47.6
24.85,49.7
24.32,48.64
23.73,47.46
23.5,47
23.3,46.6
23.25,46.5
22.05,44.1
21.67,43.34
20.99,41.98
20.8,41.6
20.75,41.5
21.09,42.18
21.49,42.98
20.3,40.6
21.34,42.68
22.21,44.42
22.02,44.04
22.18,44.36
22.88,45.76
22.1,44.2
22.37,44.74
22.21,44.42
22.81,45.62
22.47,44.94
22.25,44.5
22.25,44.5
22.53,45.06
22.48,44.96
22.73,45.46
23.16,46.32
22.8,45.6
22.66,45.32
22.2,44.4
21.33,42.66
20.91,41.82
20.75,41.5
20.78,41.56
21.81,43.62
21.03,42.06
20.18,40.36
20.37,40.74
19.86,39.72
20.02,40.04
20.21,40.42
19.86,39.72
19.76,39.52
19.82,39.64
20.11,40.22
19.73,39.46
20.06,40.12
21.35,42.7
20.53,41.06
21,42
20.74,41.48
20.77,41.54
20.99,41.98
21.5,43
20.41,40.82
21.04,42.08
20.95,41.9
20.87,41.74
20.69,41.38
20.9,41.8
20.19,40.38
19.97,39.94
20.02,40.04
20.01,40.02
19.66,39.32
19.91,39.82
20.21,40.42
19.52,39.04
19.27,38.54
19,38
19.03,38.06
18.87,37.74
18.68,37.36
19.3,38.6
18.7,37.4
18.86,37.72
19.47,38.94
19.301,38.602
19.35,38.7
19.35,38.7
18.45,36.9
18.41,36.82
17.6,35.2
17.75,35.5
17.55,35.1
17.15,34.3
16.89,33.78
16.94,33.88
17.74,35.48
17.45,34.9
17.3,34.6
17.44,34.88
18.1,36.2
18.12,36.24
18.29,36.58
18.5,37
17.96,35.92
18.21,36.42
17.89,35.78
17.79,35.58
18.1,36.2
18.53,37.06
18.59,37.18
18.6,37.2
18.83,37.66
18.43,36.86
18.15,36.3
18.33,36.66
17.7,35.4
17.33,34.66
16.12,32.24
14.77,29.54
14.46,28.92
14.25,28.5
13.93,27.86
13.98,27.96
13.48,26.96
13.46,26.92
13.52,27.04
13.53,27.06
13.18,26.36
13.13,26.26
13.2,26.4
12.99,25.98
13.59,27.18
13.71,27.42
14.05,28.1
14.2,28.4
14.52,29.04
14.51,29.02
14.85,29.7
14.52,29.04
14.55,29.1
14.36,28.72
14.2,28.4
14.34,28.68
14.4,28.8
14.32,28.64
14.55,29.1
14.41,28.82
14.67,29.34
15.09,30.18
14.93,29.86
15.07,30.14
15,30
14.89,29.78
14.68,29.36
14.47,28.94
14.17,28.34
14.36,28.72
14.51,29.02
14.47,28.94
14.58,29.16
14.61,29.22
14.74,29.48
15.01,30.02
14.86,29.72
14.57,29.14
14.99,29.98
14.68,29.36
14.86,29.72
14.82,29.64
14.85,29.7
15.07,30.14
14.75,29.5
14.61,29.22
14.41,28.82
14.27,28.54
14.5,29
14.26,28.52
14.55,29.1
14.36,28.72
14.71,29.42
14.45,28.9
14.41,28.82
14.19,28.38
14.98,29.96
14.24,28.48
14.24,28.48
13.68,27.36
14.24,28.48
14.05,28.1
13.98,27.96
14.21,28.42
14.56,29.12
14.21,28.42
14.59,29.18
14.69,29.38
14.9,29.8
14.58,29.16
14.62,29.24
14.58,29.16
14.79,29.58
15.03,30.06
14.8,29.6
14.36,28.72
14,28
14.08,28.16
14.31,28.62
14.42,28.84
14.44,28.88
14.16,28.32
14.29,28.58
14.53,29.06
14.8,29.6
14.85,29.7
14.81,29.62
15.14,30.28
15.51,31.02
15.3,30.6
14.75,29.5
14.94,29.88
14.65,29.3
15.03,30.06
15.18,30.36
15.2,30.4
15.9,31.8
15.79,31.58
15.6,31.2
15.85,31.7
16.03,32.06
16.09,32.18
15.9,31.8
15.3,30.6
15.55,31.1
16.19,32.38
16.23,32.46
15.9,31.8
15.5,31
15.32,30.64
15.75,31.5
16.01,32.02
16.94,33.88
17.08,34.16
16.75,33.5
16.5,33
15.94,31.88
15.99,31.98
15.55,31.1
15.57,31.14
15.55,31.1
14.69,29.38
15.02,30.04
14.63,29.26
14.47,28.94
14.26,28.52
14,28
14.21,28.42
14.86,29.72
15.22,30.44
14.55,29.1
14.25,28.5
13.63,27.26
13.54,27.08
13.9,27.8
13.97,27.94
14.36,28.72
14.18,28.36
14.33,28.66
14.59,29.18
14.4,28.8
14.49,28.98
15.1,30.2
14.69,29.38
14.4,28.8
14.76,29.52
14.62,29.24
14.75,29.5
14.69,29.38
14.57,29.14
14.14,28.28
14.13,28.26
14.2,28.4
14.34,28.68
14.41,28.82
14.28,28.56
14.51,29.02
14.22,28.44
14.2,28.4
14.49,28.98
14.73,29.46
14.65,29.3
14.8,29.6
15.71,31.42
15.95,31.9
15.9,31.8
16.2,32.4
16.01,32.02
15.97,31.94
15.78,31.56
15.45,30.9
15.25,30.5
14.67,29.34
14.9,29.8
14.9,29.8
15.25,30.5
14.77,29.54
15.09,30.18
14.21,28.42
14.51,29.02
14.74,29.48
15.11,30.22
15.4,30.8
14.85,29.7
14.48,28.96
14.46,28.92
14.93,29.86
14.33,28.66
14.9,29.8
14.75,29.5
14.7,29.4
15.5,31
16.13,32.26
18.15,36.3
17.43,34.86
18.55,37.1
17.26,34.52
17.71,35.42
18.09,36.18
18.52,37.04
17.71,35.42
16.81,33.62
17.03,34.06
17.71,35.42
17.1,34.2
16.79,33.58
16.8,33.6
17.4,34.8
16.77,33.54
16.97,33.94
17.17,34.34
17.37,34.74
20.42,40.84
20.24,40.48
19.24,38.48
20.02,40.04
20.41,40.82
21.64,43.28
21.48,42.96
21.76,43.52
22.96,45.92
22.83,45.66
22.88,45.76
23.39,46.78
24.09,48.18
23.77,47.54
23.92,47.84
23.69,47.38
24.99,49.98
24.45,48.9
23.37,46.74
24.83,49.66
24.57,49.14
25.49,50.98
25.06,50.12
25.37,50.74
24.45,48.9
23.52,47.04
24.29,48.58
24.25,48.5
23.2,46.4
22.94,45.88
23.35,46.7
23.57,47.14
23.81,47.62
24.29,48.58
23.89,47.78
23.16,46.32
24.28,48.56
23.56,47.12
24.3,48.6
24.54,49.08
24.84,49.68
25.49,50.98
25.5,51
25.93,51.86
25.15,50.3
25.06,50.12
25.01,50.02
25.03,50.06
24.21,48.42
24.59,49.18
24.16,48.32
24.95,49.9
23.67,47.34
24.05,48.1
24,48
24.7,49.4
23.7,47.4
23.35,46.7
23.2,46.4
24.07,48.14
24.22,48.44
24.3,48.6
24.66,49.32
24.69,49.38
24.95,49.9
24.46,48.92
24.6,49.2
24.37,48.74
24.74,49.48
24.6,49.2
24.74,49.48
24.06,48.12
23.48,46.96
24.15,48.3
23.26,46.52
21.93,43.86
22.15,44.3
23.94,47.88
23.91,47.82
22.85,45.7
21.66,43.32
22.92,45.84
23.2,46.4
23.76,47.52
24.98,49.96
25.05,50.1
24.73,49.46
24.66,49.32
23.93,47.86
24.41,48.82
24.65,49.3
25.61,51.22
25.09,50.18
24.32,48.64
24.96,49.92
24.16,48.32
23.07,46.14
23.22,46.44
23.4,46.8
22.89,45.78
22.91,45.82
23.04,46.08
22.27,44.54
22,44
21.97,43.94
21.41,42.82
21.32,42.64
21.01,42.02
21.39,42.78
21.22,42.44
22.8,45.6
22.75,45.5
23.72,47.44
23.34,46.68
23.75,47.5
22.05,44.1
22.51,45.02
21.97,43.94
21.58,43.16
21.35,42.7
20.9,41.8
21.01,42.02
21.4,42.8
20.58,41.16
20.89,41.78
20.4,40.8
20.73,41.46
21.49,42.98
21.87,43.74
22.67,45.34
22.29,44.58
22.46,44.92
23.48,46.96
22.36,44.72
21.05,42.1
21.06,42.12
20.47,40.94
20.6,41.2
20.85,41.7
21.2,42.4
19.94,39.88
19.71,39.42
19.61,39.22
19.82,39.64
19,38
19.27,38.54
19.45,38.9
19.59,39.18
19.08,38.16
18.66,37.32
18.6,37.2
19.63,39.26
19.46,38.92
18.96,37.92
18.84,37.68
18.52,37.04
17.65,35.3
17.73,35.46
17.38,34.76
18.57,37.14
18.86,37.72
18.44,36.88
18.06,36.12
19.12,38.24
18.21,36.42
17.94,35.88
17.29,34.58
18.34,36.68
18.09,36.18
17.95,35.9
17.31,34.62
16.92,33.84
16.1,32.2
16.05,32.1
15.57,31.14
15.4,30.8
15.35,30.7
14.95,29.9
15.43,30.86
15.49,30.98
15.71,31.42
15.25,30.5
15.81,31.62
16.14,32.28
16.11,32.22
14.8,29.6
16.29,32.58
16.5,33
16.9,33.8
16,32
17,34
17.5,35
18.4,36.8
18.24,36.48
18.5,37
17.73,35.46
17.74,35.48
18.44,36.88
18.9,37.8
18.6,37.2
18,36
18.2,36.4
17.94,35.88
18.14,36.28
18.14,36.28
18,36
18.27,36.54
18.76,37.52
19.2,38.4
19.1,38.2
19.04,38.08
18.96,37.92
19.26,38.52
19.33,38.66
19.04,38.08
19.89,39.78
19.65,39.3
19.01,38.02
19.27,38.54
19.12,38.24
18.75,37.5
18.48,36.96
19.12,38.24
19.39,38.78
20.09,40.18
19.7,39.4
21.23,42.46
21.78,43.56
23.98,47.96
24.88,49.76
24.13,48.26
23.3,46.6
21.03,42.06
22.95,45.9
22.09,44.18
22.76,45.52
23.6,47.2
23.51,47.02
23.64,47.28
23.66,47.32
23.05,46.1
23.83,47.66
23.34,46.68
22.5,45
22.48,44.96
21.55,43.1
20,40
20.85,41.7
20.41,40.82
20.1,40.2
20.04,40.08
21.42,42.84
19.77,39.54
21.05,42.1
21.65,43.3
20.71,41.42
20.93,41.86
20.8,41.6
21.08,42.16
20.13,40.26
19.8,39.6
20.76,41.52
22.32,44.64
23.2,46.4
23.29,46.58
23.75,47.5
24,48
23.63,47.26
23.36,46.72
24.23,48.46
23.26,46.52
23.37,46.74
22.89,45.78
23.01,46.02
24.21,48.42
24.14,48.28
25.35,50.7
25.62,51.24
24.24,48.48
25.97,51.94
26.34,52.68
25.41,50.82
26.7,53.4
25.2,50.4
25.17,50.34
24.21,48.42
24.33,48.66
24.34,48.68
24.93,49.86
25.55,51.1
21.57,43.14
21.2,42.4
22.09,44.18
21.42,42.84
22.98,45.96
20.9,41.8
20.69,41.38
20.8,41.6
20.6,41.2
19.76,39.52
21.36,42.72
22.09,44.18
22.55,45.1
21.77,43.54
22.08,44.16
21.94,43.88
23.13,46.26
22.06,44.12
20.37,40.74
19.78,39.56
20.72,41.44
19.75,39.5
19,38
20.87,41.74
18.5,37
18.87,37.74
19.69,39.38
20.62,41.24
20.69,41.38
21.31,42.62
20.72,41.44
19.37,38.74
18.31,36.62
17.81,35.62
19.37,38.74
19.28,38.56
19.06,38.12
18.62,37.24
19.06,38.12
18.25,36.5
19.19,38.38
19,38
19.69,39.38
19.19,38.38
19.94,39.88
19.06,38.12
20.5,41
20.56,41.12
20.66,41.32
20.16,40.32
20.5,41
21.12,42.24
20.69,41.38
21.5,43
21.56,43.12
19.56,39.12
19.5,39
20.56,41.12
20.62,41.24
19.31,38.62
19.06,38.12
19.44,38.88
17.81,35.62
17.56,35.12
17.44,34.88
17.87,35.74
16.25,32.5
16.69,33.38
16.81,33.62
16.94,33.88
16.94,33.88
18.14,36.28
14.5,29
14.88,29.76
14.69,29.38
14.38,28.76
14.34,28.68
14.88,29.76
14.13,28.26
14.25,28.5
13.78,27.56
14.38,28.76
14.56,29.12
14.56,29.12
15.03,30.06
15.56,31.12
15.25,30.5
15.19,30.38
14.81,29.62
14.44,28.88
14.63,29.26
16.94,33.88
17.19,34.38
17,34
16.69,33.38
18.09,36.18
18.69,37.38
19.87,39.74
18.86,37.72
18.81,37.62
19.19,38.38
18.59,37.18
19.19,38.38
19.5,39
20.03,40.06
19.94,39.88
18.75,37.5
19.36,38.72
19.87,39.74
21.37,42.74
21.5,43
22.44,44.88
23,46
21.12,42.24
19.44,38.88
19.75,39.5
19.12,38.24
18.87,37.74
18.81,37.62
19.06,38.12
20.69,41.38
20.27,40.54
19.06,38.12
19.16,38.32
19.44,38.88
21.69,43.38
22.31,44.62
20.25,40.5
20.31,40.62
20.12,40.24
21.62,43.24
22.62,45.24
22.69,45.38
23.5,47
22.37,44.74
24.94,49.88
26.69,53.38
28.19,56.38
49.31,98.62
51.75,103.5
53.31,106.62
52.75,105.5
50.31,100.62
58.5,117
59.41,118.82
59.75,119.5
55.25,110.5
57.75,115.5
58.56,117.12
56.75,113.5
57.34,114.68
58.69,117.38
61.63,123.26
59.13,118.26
61.38,122.76
62.66,125.32
61.31,122.62
58.97,117.94
59,118
57.88,115.76
57.25,114.5
56.5,113
54.67,109.34
51.47,102.94
50.63,101.26
50.25,100.5
51.38,102.76
48.38,96.76
46.88,93.76
47.25,94.5
47.59,95.18
46.84,93.68
48,96
48.13,96.26
47.94,95.88
47.88,95.76
49.47,98.94
45.56,91.12
49,98
50.31,100.62
49.16,98.32
52.28,104.56
50,100
49.84,99.68
50.31,100.62
52.56,105.12
54.36,108.72
55,110
55.19,110.38
58.5,117
58.25,116.5
57.13,114.26
58.5,117
58.13,116.26
57,114
54.09,108.18
52.59,105.18
52.5,105
53.25,106.5
52.13,104.26
52.81,105.62
53.06,106.12
53.31,106.62
53.78,107.56
52.5,105
53.78,107.56
55.75,111.5
50.5,101
98.5,197
90.56,181.12
93.5,187
91.25,182.5
94.69,189.38
91.19,182.38
96.37,192.74
96.75,193.5
97.62,195.24
93.62,187.24
91.97,183.94
93.31,186.62
93.75,187.5
81.75,163.5
86.87,173.74
87.62,175.24
88,176
88.5,177
86.19,172.38
90.5,181
93.75,187.5
99.25,198.5
103,206
103.62,207.24
104.52,209.04
108.06,216.12
106,212
101.37,202.74
104.06,208.12
110.31,220.62
112.09,224.18
110.81,221.62
115.12,230.24
118.94,237.88
123.25,246.5
124.87,249.74
127.12,254.24
117.19,234.38
126.62,253.24
122.12,244.24
115,230
123.69,247.38
126.19,252.38
123.5,247
109.5,219
109.31,218.62
111.5,223
119,238
123.5,247
131.69,263.38
127.25,254.5
130.63,261.26
126.47,252.94
132.63,265.26
135.5,271
127.44,254.88
133.56,267.12
139.38,278.76
137.25,274.5
137.63,275.26
142.44,284.88
142,284
132.78,265.56
122.56,245.12
123.5,247
120.12,240.24
117.31,234.62
115.62,231.24
121.22,242.44
122.12,244.24
121.69,243.38
120.87,241.74
122.87,245.74
126.44,252.88
126,252
124.87,249.74
127,254
118.56,237.12
113.56,227.12
110.12,220.24
114.81,229.62
117.31,234.62
113.23,226.46
110.12,220.24
114.62,229.24
115.19,230.38
117.75,235.5
115.25,230.5
109.31,218.62
113.62,227.24
112.87,225.74
114.12,228.24
114,228
108,216
103.94,207.88
100.31,200.62
100.75,201.5
104,208
101,202
108.19,216.38
108.81,217.62
110,220
105,210
108.44,216.88
114.25,228.5
115.5,231
105.62,211.24
101,202
100,200
94.48,188.96
95,190
95.94,191.88
102,204
96.5,193
106.12,212.24
103.75,207.5
108.25,216.5
104.87,209.74
